date,Fajr,Shurooq,Dhuhr,Asr,Maghrib,Isha
2026-06-01,03:57 AM,05:22 AM,12:15 PM,03:37 PM,07:04 PM,08:29 PM
2026-06-02,03:56 AM,05:22 AM,12:15 PM,03:37 PM,07:04 PM,08:30 PM
2026-06-03,03:56 AM,05:21 AM,12:15 PM,03:37 PM,07:05 PM,08:30 PM
2026-06-04,03:56 AM,05:21 AM,12:15 PM,03:37 PM,07:05 PM,08:31 PM
2026-06-05,03:56 AM,05:21 AM,12:16 PM,03:37 PM,07:06 PM,08:31 PM
2026-06-06,03:55 AM,05:21 AM,12:16 PM,03:37 PM,07:06 PM,08:32 PM
2026-06-07,03:55 AM,05:21 AM,12:16 PM,03:37 PM,07:06 PM,08:32 PM
2026-06-08,03:55 AM,05:21 AM,12:16 PM,03:37 PM,07:07 PM,08:33 PM
2026-06-09,03:55 AM,05:21 AM,12:16 PM,03:37 PM,07:07 PM,08:33 PM
2026-06-10,03:55 AM,05:21 AM,12:17 PM,03:37 PM,07:08 PM,08:34 PM
2026-06-11,03:55 AM,05:21 AM,12:17 PM,03:38 PM,07:08 PM,08:34 PM
2026-06-12,03:55 AM,05:21 AM,12:17 PM,03:38 PM,07:08 PM,08:35 PM
2026-06-13,03:55 AM,05:21 AM,12:17 PM,03:38 PM,07:09 PM,08:35 PM
2026-06-14,03:55 AM,05:21 AM,12:17 PM,03:38 PM,07:09 PM,08:35 PM
2026-06-15,03:55 AM,05:21 AM,12:18 PM,03:38 PM,07:09 PM,08:36 PM
2026-06-16,03:55 AM,05:22 AM,12:18 PM,03:38 PM,07:10 PM,08:36 PM
2026-06-17,03:55 AM,05:22 AM,12:18 PM,03:39 PM,07:10 PM,08:37 PM
2026-06-18,03:55 AM,05:22 AM,12:18 PM,03:39 PM,07:10 PM,08:37 PM
2026-06-19,03:55 AM,05:22 AM,12:18 PM,03:39 PM,07:10 PM,08:37 PM
2026-06-20,03:56 AM,05:22 AM,12:19 PM,03:39 PM,07:11 PM,08:37 PM
2026-06-21,03:56 AM,05:22 AM,12:19 PM,03:39 PM,07:11 PM,08:38 PM
2026-06-22,03:56 AM,05:23 AM,12:19 PM,03:40 PM,07:11 PM,08:38 PM
2026-06-23,03:56 AM,05:23 AM,12:19 PM,03:40 PM,07:11 PM,08:38 PM
2026-06-24,03:56 AM,05:23 AM,12:20 PM,03:40 PM,07:11 PM,08:38 PM
2026-06-25,03:57 AM,05:23 AM,12:20 PM,03:40 PM,07:12 PM,08:38 PM
2026-06-26,03:57 AM,05:24 AM,12:20 PM,03:41 PM,07:12 PM,08:38 PM
2026-06-27,03:57 AM,05:24 AM,12:20 PM,03:41 PM,07:12 PM,08:38 PM
2026-06-28,03:58 AM,05:24 AM,12:20 PM,03:41 PM,07:12 PM,08:38 PM
2026-06-29,03:58 AM,05:25 AM,12:21 PM,03:41 PM,07:12 PM,08:38 PM
2026-06-30,03:58 AM,05:25 AM,12:21 PM,03:42 PM,07:12 PM,08:38 PM
2026-07-01,03:59 AM,05:25 AM,12:21 PM,03:42 PM,07:12 PM,08:38 PM
2026-07-02,03:59 AM,05:26 AM,12:21 PM,03:42 PM,07:12 PM,08:38 PM
2026-07-03,04:00 AM,05:26 AM,12:21 PM,03:42 PM,07:12 PM,08:38 PM
2026-07-04,04:00 AM,05:26 AM,12:22 PM,03:43 PM,07:12 PM,08:38 PM
2026-07-05,04:01 AM,05:27 AM,12:22 PM,03:43 PM,07:12 PM,08:38 PM
2026-07-06,04:01 AM,05:27 AM,12:22 PM,03:43 PM,07:12 PM,08:38 PM
2026-07-07,04:02 AM,05:28 AM,12:22 PM,03:43 PM,07:12 PM,08:38 PM
2026-07-08,04:02 AM,05:28 AM,12:22 PM,03:44 PM,07:12 PM,08:37 PM
2026-07-09,04:03 AM,05:28 AM,12:22 PM,03:44 PM,07:12 PM,08:37 PM
2026-07-10,04:03 AM,05:29 AM,12:22 PM,03:44 PM,07:11 PM,08:37 PM
2026-07-11,04:04 AM,05:29 AM,12:23 PM,03:45 PM,07:11 PM,08:36 PM
2026-07-12,04:05 AM,05:30 AM,12:23 PM,03:45 PM,07:11 PM,08:36 PM
2026-07-13,04:05 AM,05:30 AM,12:23 PM,03:45 PM,07:11 PM,08:36 PM
2026-07-14,04:06 AM,05:31 AM,12:23 PM,03:45 PM,07:11 PM,08:35 PM
2026-07-15,04:06 AM,05:31 AM,12:23 PM,03:46 PM,07:10 PM,08:35 PM
2026-07-16,04:07 AM,05:32 AM,12:23 PM,03:46 PM,07:10 PM,08:34 PM
2026-07-17,04:08 AM,05:32 AM,12:23 PM,03:46 PM,07:10 PM,08:34 PM
2026-07-18,04:08 AM,05:32 AM,12:23 PM,03:46 PM,07:10 PM,08:34 PM
2026-07-19,04:09 AM,05:33 AM,12:23 PM,03:46 PM,07:09 PM,08:33 PM
2026-07-20,04:10 AM,05:33 AM,12:24 PM,03:47 PM,07:09 PM,08:32 PM
2026-07-21,04:10 AM,05:34 AM,12:24 PM,03:47 PM,07:08 PM,08:32 PM
2026-07-22,04:11 AM,05:34 AM,12:24 PM,03:47 PM,07:08 PM,08:31 PM
2026-07-23,04:12 AM,05:35 AM,12:24 PM,03:47 PM,07:08 PM,08:31 PM
2026-07-24,04:12 AM,05:35 AM,12:24 PM,03:47 PM,07:07 PM,08:30 PM
2026-07-25,04:13 AM,05:36 AM,12:24 PM,03:48 PM,07:07 PM,08:29 PM
2026-07-26,04:14 AM,05:36 AM,12:24 PM,03:48 PM,07:06 PM,08:29 PM
2026-07-27,04:14 AM,05:37 AM,12:24 PM,03:48 PM,07:06 PM,08:28 PM
2026-07-28,04:15 AM,05:37 AM,12:24 PM,03:48 PM,07:05 PM,08:27 PM
2026-07-29,04:16 AM,05:38 AM,12:24 PM,03:48 PM,07:05 PM,08:27 PM
2026-07-30,04:16 AM,05:38 AM,12:24 PM,03:48 PM,07:04 PM,08:26 PM
2026-07-31,04:17 AM,05:39 AM,12:24 PM,03:48 PM,07:04 PM,08:25 PM
2026-08-01,04:18 AM,05:39 AM,12:23 PM,03:49 PM,07:03 PM,08:24 PM
2026-08-02,04:18 AM,05:40 AM,12:23 PM,03:49 PM,07:02 PM,08:23 PM
2026-08-03,04:19 AM,05:40 AM,12:23 PM,03:49 PM,07:02 PM,08:23 PM
2026-08-04,04:20 AM,05:41 AM,12:23 PM,03:49 PM,07:01 PM,08:22 PM
2026-08-05,04:20 AM,05:41 AM,12:23 PM,03:49 PM,07:00 PM,08:21 PM
2026-08-06,04:21 AM,05:42 AM,12:23 PM,03:49 PM,07:00 PM,08:20 PM
2026-08-07,04:22 AM,05:42 AM,12:23 PM,03:49 PM,06:59 PM,08:19 PM
2026-08-08,04:22 AM,05:42 AM,12:23 PM,03:49 PM,06:58 PM,08:18 PM
2026-08-09,04:23 AM,05:43 AM,12:23 PM,03:49 PM,06:57 PM,08:17 PM
2026-08-10,04:24 AM,05:43 AM,12:23 PM,03:49 PM,06:57 PM,08:16 PM
2026-08-11,04:24 AM,05:44 AM,12:22 PM,03:49 PM,06:56 PM,08:15 PM
2026-08-12,04:25 AM,05:44 AM,12:22 PM,03:49 PM,06:55 PM,08:14 PM
2026-08-13,04:26 AM,05:45 AM,12:22 PM,03:49 PM,06:54 PM,08:13 PM
2026-08-14,04:26 AM,05:45 AM,12:22 PM,03:49 PM,06:54 PM,08:12 PM
2026-08-15,04:27 AM,05:46 AM,12:22 PM,03:48 PM,06:53 PM,08:11 PM
2026-08-16,04:28 AM,05:46 AM,12:21 PM,03:48 PM,06:52 PM,08:10 PM
2026-08-17,04:28 AM,05:47 AM,12:21 PM,03:48 PM,06:51 PM,08:09 PM
2026-08-18,04:29 AM,05:47 AM,12:21 PM,03:48 PM,06:50 PM,08:08 PM
2026-08-19,04:30 AM,05:47 AM,12:21 PM,03:48 PM,06:49 PM,08:07 PM
2026-08-20,04:30 AM,05:48 AM,12:21 PM,03:48 PM,06:48 PM,08:06 PM
2026-08-21,04:31 AM,05:48 AM,12:20 PM,03:48 PM,06:47 PM,08:05 PM
2026-08-22,04:31 AM,05:49 AM,12:20 PM,03:47 PM,06:47 PM,08:04 PM
2026-08-23,04:32 AM,05:49 AM,12:20 PM,03:47 PM,06:46 PM,08:03 PM
2026-08-24,04:33 AM,05:50 AM,12:20 PM,03:47 PM,06:45 PM,08:01 PM
2026-08-25,04:33 AM,05:50 AM,12:19 PM,03:47 PM,06:44 PM,08:00 PM
2026-08-26,04:34 AM,05:50 AM,12:19 PM,03:46 PM,06:43 PM,07:59 PM
2026-08-27,04:34 AM,05:51 AM,12:19 PM,03:46 PM,06:42 PM,07:58 PM
2026-08-28,04:35 AM,05:51 AM,12:18 PM,03:46 PM,06:41 PM,07:57 PM
2026-08-29,04:35 AM,05:52 AM,12:18 PM,03:45 PM,06:40 PM,07:56 PM
2026-08-30,04:36 AM,05:52 AM,12:18 PM,03:45 PM,06:39 PM,07:55 PM
2026-08-31,04:36 AM,05:52 AM,12:17 PM,03:45 PM,06:38 PM,07:53 PM
2026-09-01,04:37 AM,05:53 AM,12:17 PM,03:44 PM,06:37 PM,07:52 PM
2026-09-02,04:37 AM,05:53 AM,12:17 PM,03:44 PM,06:36 PM,07:51 PM
2026-09-03,04:38 AM,05:53 AM,12:17 PM,03:44 PM,06:35 PM,07:50 PM
2026-09-04,04:38 AM,05:54 AM,12:16 PM,03:43 PM,06:34 PM,07:49 PM
2026-09-05,04:39 AM,05:54 AM,12:16 PM,03:43 PM,06:33 PM,07:48 PM
2026-09-06,04:40 AM,05:55 AM,12:16 PM,03:42 PM,06:32 PM,07:46 PM
2026-09-07,04:40 AM,05:55 AM,12:15 PM,03:42 PM,06:30 PM,07:45 PM
2026-09-08,04:40 AM,05:55 AM,12:15 PM,03:42 PM,06:29 PM,07:44 PM
2026-09-09,04:41 AM,05:56 AM,12:15 PM,03:41 PM,06:28 PM,07:43 PM
2026-09-10,04:41 AM,05:56 AM,12:14 PM,03:41 PM,06:27 PM,07:42 PM
2026-09-11,04:42 AM,05:56 AM,12:14 PM,03:40 PM,06:26 PM,07:41 PM
2026-09-12,04:42 AM,05:57 AM,12:13 PM,03:40 PM,06:25 PM,07:39 PM
2026-09-13,04:43 AM,05:57 AM,12:13 PM,03:39 PM,06:24 PM,07:38 PM
2026-09-14,04:43 AM,05:58 AM,12:13 PM,03:39 PM,06:23 PM,07:37 PM
2026-09-15,04:44 AM,05:58 AM,12:12 PM,03:38 PM,06:22 PM,07:36 PM
2026-09-16,04:44 AM,05:58 AM,12:12 PM,03:38 PM,06:21 PM,07:35 PM
2026-09-17,04:45 AM,05:59 AM,12:12 PM,03:37 PM,06:20 PM,07:34 PM
2026-09-18,04:45 AM,05:59 AM,12:11 PM,03:37 PM,06:19 PM,07:32 PM
2026-09-19,04:46 AM,05:59 AM,12:11 PM,03:36 PM,06:18 PM,07:31 PM
2026-09-20,04:46 AM,06:00 AM,12:11 PM,03:35 PM,06:16 PM,07:30 PM
2026-09-21,04:46 AM,06:00 AM,12:10 PM,03:35 PM,06:15 PM,07:29 PM
2026-09-22,04:47 AM,06:01 AM,12:10 PM,03:34 PM,06:14 PM,07:28 PM
2026-09-23,04:47 AM,06:01 AM,12:10 PM,03:34 PM,06:13 PM,07:27 PM
2026-09-24,04:48 AM,06:01 AM,12:09 PM,03:33 PM,06:12 PM,07:26 PM
2026-09-25,04:48 AM,06:02 AM,12:09 PM,03:33 PM,06:11 PM,07:25 PM
2026-09-26,04:49 AM,06:02 AM,12:08 PM,03:32 PM,06:10 PM,07:23 PM
2026-09-27,04:49 AM,06:02 AM,12:08 PM,03:31 PM,06:09 PM,07:22 PM
2026-09-28,04:49 AM,06:03 AM,12:08 PM,03:31 PM,06:08 PM,07:21 PM
2026-09-29,04:50 AM,06:03 AM,12:07 PM,03:30 PM,06:07 PM,07:20 PM
2026-09-30,04:50 AM,06:04 AM,12:07 PM,03:29 PM,06:06 PM,07:19 PM
2026-10-01,04:51 AM,06:04 AM,12:07 PM,03:29 PM,06:05 PM,07:18 PM
2026-10-02,04:51 AM,06:04 AM,12:07 PM,03:28 PM,06:04 PM,07:17 PM
2026-10-03,04:51 AM,06:05 AM,12:06 PM,03:28 PM,06:03 PM,07:16 PM
2026-10-04,04:52 AM,06:05 AM,12:06 PM,03:27 PM,06:02 PM,07:15 PM
2026-10-05,04:52 AM,06:06 AM,12:06 PM,03:26 PM,06:01 PM,07:14 PM
2026-10-06,04:53 AM,06:06 AM,12:05 PM,03:26 PM,06:00 PM,07:13 PM
2026-10-07,04:53 AM,06:07 AM,12:05 PM,03:25 PM,05:59 PM,07:12 PM
2026-10-08,04:54 AM,06:07 AM,12:05 PM,03:24 PM,05:57 PM,07:11 PM
2026-10-09,04:54 AM,06:07 AM,12:04 PM,03:24 PM,05:57 PM,07:10 PM
2026-10-10,04:54 AM,06:08 AM,12:04 PM,03:23 PM,05:56 PM,07:09 PM
2026-10-11,04:55 AM,06:08 AM,12:04 PM,03:23 PM,05:55 PM,07:08 PM
2026-10-12,04:55 AM,06:09 AM,12:04 PM,03:22 PM,05:54 PM,07:07 PM
2026-10-13,04:56 AM,06:09 AM,12:03 PM,03:21 PM,05:53 PM,07:06 PM
2026-10-14,04:56 AM,06:10 AM,12:03 PM,03:21 PM,05:52 PM,07:05 PM
2026-10-15,04:57 AM,06:10 AM,12:03 PM,03:20 PM,05:51 PM,07:04 PM
2026-10-16,04:57 AM,06:11 AM,12:03 PM,03:20 PM,05:50 PM,07:04 PM
2026-10-17,04:57 AM,06:11 AM,12:03 PM,03:19 PM,05:49 PM,07:03 PM
2026-10-18,04:58 AM,06:12 AM,12:02 PM,03:18 PM,05:48 PM,07:02 PM
2026-10-19,04:58 AM,06:12 AM,12:02 PM,03:18 PM,05:47 PM,07:01 PM
2026-10-20,04:59 AM,06:13 AM,12:02 PM,03:17 PM,05:46 PM,07:00 PM
2026-10-21,04:59 AM,06:13 AM,12:02 PM,03:17 PM,05:45 PM,06:59 PM
2026-10-22,05:00 AM,06:14 AM,12:02 PM,03:16 PM,05:45 PM,06:59 PM
2026-10-23,05:00 AM,06:14 AM,12:01 PM,03:15 PM,05:44 PM,06:58 PM
2026-10-24,05:01 AM,06:15 AM,12:01 PM,03:15 PM,05:43 PM,06:57 PM
2026-10-25,05:01 AM,06:15 AM,12:01 PM,03:14 PM,05:42 PM,06:56 PM
2026-10-26,05:02 AM,06:16 AM,12:01 PM,03:14 PM,05:41 PM,06:56 PM
2026-10-27,05:02 AM,06:16 AM,12:01 PM,03:13 PM,05:41 PM,06:55 PM
2026-10-28,05:02 AM,06:17 AM,12:01 PM,03:13 PM,05:40 PM,06:54 PM
2026-10-29,05:03 AM,06:18 AM,12:01 PM,03:12 PM,05:39 PM,06:54 PM
2026-10-30,05:03 AM,06:18 AM,12:01 PM,03:12 PM,05:39 PM,06:53 PM
2026-10-31,05:04 AM,06:19 AM,12:01 PM,03:11 PM,05:38 PM,06:53 PM
2026-11-01,05:04 AM,06:19 AM,12:01 PM,03:11 PM,05:37 PM,06:52 PM
2026-11-02,05:05 AM,06:20 AM,12:01 PM,03:10 PM,05:37 PM,06:52 PM
2026-11-03,05:06 AM,06:21 AM,12:01 PM,03:10 PM,05:36 PM,06:51 PM
2026-11-04,05:06 AM,06:21 AM,12:01 PM,03:09 PM,05:35 PM,06:50 PM
2026-11-05,05:07 AM,06:22 AM,12:01 PM,03:09 PM,05:35 PM,06:50 PM
2026-11-06,05:07 AM,06:23 AM,12:01 PM,03:09 PM,05:34 PM,06:50 PM
2026-11-07,05:08 AM,06:23 AM,12:01 PM,03:08 PM,05:34 PM,06:49 PM
2026-11-08,05:08 AM,06:24 AM,12:01 PM,03:08 PM,05:33 PM,06:49 PM
2026-11-09,05:09 AM,06:24 AM,12:01 PM,03:08 PM,05:33 PM,06:48 PM
2026-11-10,05:09 AM,06:25 AM,12:01 PM,03:07 PM,05:32 PM,06:48 PM
2026-11-11,05:10 AM,06:26 AM,12:01 PM,03:07 PM,05:32 PM,06:48 PM
2026-11-12,05:10 AM,06:26 AM,12:01 PM,03:07 PM,05:31 PM,06:47 PM
2026-11-13,05:11 AM,06:27 AM,12:01 PM,03:06 PM,05:31 PM,06:47 PM
2026-11-14,05:12 AM,06:28 AM,12:02 PM,03:06 PM,05:30 PM,06:47 PM
2026-11-15,05:12 AM,06:29 AM,12:02 PM,03:06 PM,05:30 PM,06:46 PM
2026-11-16,05:13 AM,06:29 AM,12:02 PM,03:06 PM,05:30 PM,06:46 PM
2026-11-17,05:13 AM,06:30 AM,12:02 PM,03:05 PM,05:29 PM,06:46 PM
2026-11-18,05:14 AM,06:31 AM,12:02 PM,03:05 PM,05:29 PM,06:46 PM
2026-11-19,05:15 AM,06:31 AM,12:02 PM,03:05 PM,05:29 PM,06:46 PM
2026-11-20,05:15 AM,06:32 AM,12:03 PM,03:05 PM,05:29 PM,06:46 PM
2026-11-21,05:16 AM,06:33 AM,12:03 PM,03:05 PM,05:28 PM,06:45 PM
2026-11-22,05:16 AM,06:33 AM,12:03 PM,03:05 PM,05:28 PM,06:45 PM
2026-11-23,05:17 AM,06:34 AM,12:03 PM,03:05 PM,05:28 PM,06:45 PM
2026-11-24,05:18 AM,06:35 AM,12:04 PM,03:05 PM,05:28 PM,06:45 PM
2026-11-25,05:18 AM,06:36 AM,12:04 PM,03:05 PM,05:28 PM,06:45 PM
2026-11-26,05:19 AM,06:36 AM,12:04 PM,03:05 PM,05:28 PM,06:45 PM
2026-11-27,05:19 AM,06:37 AM,12:05 PM,03:05 PM,05:28 PM,06:45 PM
2026-11-28,05:20 AM,06:38 AM,12:05 PM,03:05 PM,05:28 PM,06:45 PM
2026-11-29,05:21 AM,06:38 AM,12:05 PM,03:05 PM,05:27 PM,06:45 PM
2026-11-30,05:21 AM,06:39 AM,12:06 PM,03:05 PM,05:27 PM,06:45 PM
2026-12-01,05:22 AM,06:40 AM,12:06 PM,03:05 PM,05:28 PM,06:46 PM
2026-12-02,05:23 AM,06:41 AM,12:06 PM,03:05 PM,05:28 PM,06:46 PM
2026-12-03,05:23 AM,06:41 AM,12:07 PM,03:05 PM,05:28 PM,06:46 PM
2026-12-04,05:24 AM,06:42 AM,12:07 PM,03:05 PM,05:28 PM,06:46 PM
2026-12-05,05:24 AM,06:43 AM,12:08 PM,03:05 PM,05:28 PM,06:46 PM
2026-12-06,05:25 AM,06:43 AM,12:08 PM,03:06 PM,05:28 PM,06:46 PM
2026-12-07,05:26 AM,06:44 AM,12:08 PM,03:06 PM,05:28 PM,06:47 PM
2026-12-08,05:26 AM,06:45 AM,12:09 PM,03:06 PM,05:28 PM,06:47 PM
2026-12-09,05:27 AM,06:45 AM,12:09 PM,03:06 PM,05:29 PM,06:47 PM
2026-12-10,05:27 AM,06:46 AM,12:10 PM,03:07 PM,05:29 PM,06:48 PM
2026-12-11,05:28 AM,06:47 AM,12:10 PM,03:07 PM,05:29 PM,06:48 PM
2026-12-12,05:29 AM,06:47 AM,12:11 PM,03:07 PM,05:30 PM,06:48 PM
2026-12-13,05:29 AM,06:48 AM,12:11 PM,03:08 PM,05:30 PM,06:49 PM
2026-12-14,05:30 AM,06:49 AM,12:12 PM,03:08 PM,05:30 PM,06:49 PM
2026-12-15,05:30 AM,06:49 AM,12:12 PM,03:08 PM,05:31 PM,06:49 PM
2026-12-16,05:31 AM,06:50 AM,12:13 PM,03:09 PM,05:31 PM,06:50 PM
2026-12-17,05:31 AM,06:50 AM,12:13 PM,03:09 PM,05:31 PM,06:50 PM
2026-12-18,05:32 AM,06:51 AM,12:14 PM,03:10 PM,05:32 PM,06:51 PM
2026-12-19,05:33 AM,06:51 AM,12:14 PM,03:10 PM,05:32 PM,06:51 PM
2026-12-20,05:33 AM,06:52 AM,12:15 PM,03:10 PM,05:33 PM,06:52 PM
2026-12-21,05:34 AM,06:53 AM,12:15 PM,03:11 PM,05:33 PM,06:52 PM
2026-12-22,05:34 AM,06:53 AM,12:16 PM,03:11 PM,05:34 PM,06:53 PM
2026-12-23,05:35 AM,06:53 AM,12:16 PM,03:12 PM,05:34 PM,06:53 PM
2026-12-24,05:35 AM,06:54 AM,12:17 PM,03:12 PM,05:35 PM,06:54 PM
2026-12-25,05:36 AM,06:54 AM,12:17 PM,03:13 PM,05:35 PM,06:54 PM
2026-12-26,05:36 AM,06:55 AM,12:18 PM,03:14 PM,05:36 PM,06:55 PM
2026-12-27,05:36 AM,06:55 AM,12:18 PM,03:14 PM,05:36 PM,06:55 PM
2026-12-28,05:37 AM,06:56 AM,12:19 PM,03:15 PM,05:37 PM,06:56 PM
2026-12-29,05:37 AM,06:56 AM,12:19 PM,03:15 PM,05:38 PM,06:56 PM
2026-12-30,05:38 AM,06:56 AM,12:20 PM,03:16 PM,05:38 PM,06:57 PM
2026-12-31,05:38 AM,06:57 AM,12:20 PM,03:17 PM,05:39 PM,06:58 PM
2027-01-01,05:38 AM,06:57 AM,12:20 PM,03:17 PM,05:39 PM,06:58 PM
2027-01-02,05:39 AM,06:57 AM,12:21 PM,03:18 PM,05:40 PM,06:59 PM
2027-01-03,05:39 AM,06:58 AM,12:21 PM,03:18 PM,05:41 PM,06:59 PM
2027-01-04,05:39 AM,06:58 AM,12:22 PM,03:19 PM,05:42 PM,07:00 PM
2027-01-05,05:40 AM,06:58 AM,12:22 PM,03:20 PM,05:42 PM,07:01 PM
2027-01-06,05:40 AM,06:58 AM,12:23 PM,03:20 PM,05:43 PM,07:01 PM
2027-01-07,05:40 AM,06:58 AM,12:23 PM,03:21 PM,05:44 PM,07:02 PM
2027-01-08,05:40 AM,06:59 AM,12:24 PM,03:22 PM,05:44 PM,07:03 PM
2027-01-09,05:41 AM,06:59 AM,12:24 PM,03:22 PM,05:45 PM,07:03 PM
2027-01-10,05:41 AM,06:59 AM,12:24 PM,03:23 PM,05:46 PM,07:04 PM
2027-01-11,05:41 AM,06:59 AM,12:25 PM,03:24 PM,05:47 PM,07:04 PM
2027-01-12,05:41 AM,06:59 AM,12:25 PM,03:24 PM,05:47 PM,07:05 PM
2027-01-13,05:41 AM,06:59 AM,12:26 PM,03:25 PM,05:48 PM,07:06 PM
2027-01-14,05:41 AM,06:59 AM,12:26 PM,03:26 PM,05:49 PM,07:06 PM
2027-01-15,05:41 AM,06:59 AM,12:26 PM,03:26 PM,05:49 PM,07:07 PM
2027-01-16,05:41 AM,06:59 AM,12:27 PM,03:27 PM,05:50 PM,07:08 PM
2027-01-17,05:41 AM,06:59 AM,12:27 PM,03:28 PM,05:51 PM,07:08 PM
2027-01-18,05:41 AM,06:59 AM,12:27 PM,03:28 PM,05:52 PM,07:09 PM
2027-01-19,05:41 AM,06:59 AM,12:28 PM,03:29 PM,05:52 PM,07:10 PM
2027-01-20,05:41 AM,06:58 AM,12:28 PM,03:30 PM,05:53 PM,07:10 PM
2027-01-21,05:41 AM,06:58 AM,12:28 PM,03:30 PM,05:54 PM,07:11 PM
2027-01-22,05:41 AM,06:58 AM,12:29 PM,03:31 PM,05:55 PM,07:12 PM
2027-01-23,05:41 AM,06:58 AM,12:29 PM,03:32 PM,05:55 PM,07:12 PM
2027-01-24,05:41 AM,06:58 AM,12:29 PM,03:32 PM,05:56 PM,07:13 PM
2027-01-25,05:41 AM,06:57 AM,12:29 PM,03:33 PM,05:57 PM,07:14 PM
2027-01-26,05:41 AM,06:57 AM,12:30 PM,03:34 PM,05:58 PM,07:14 PM
2027-01-27,05:40 AM,06:57 AM,12:30 PM,03:34 PM,05:58 PM,07:15 PM
2027-01-28,05:40 AM,06:56 AM,12:30 PM,03:35 PM,05:59 PM,07:15 PM
2027-01-29,05:40 AM,06:56 AM,12:30 PM,03:35 PM,06:00 PM,07:16 PM
2027-01-30,05:40 AM,06:56 AM,12:30 PM,03:36 PM,06:01 PM,07:17 PM
2027-01-31,05:39 AM,06:55 AM,12:30 PM,03:37 PM,06:01 PM,07:17 PM
2027-02-01,05:39 AM,06:55 AM,12:31 PM,03:37 PM,06:02 PM,07:18 PM
2027-02-02,05:39 AM,06:54 AM,12:31 PM,03:38 PM,06:03 PM,07:18 PM
2027-02-03,05:38 AM,06:54 AM,12:31 PM,03:38 PM,06:03 PM,07:19 PM
2027-02-04,05:38 AM,06:53 AM,12:31 PM,03:39 PM,06:04 PM,07:20 PM
2027-02-05,05:38 AM,06:53 AM,12:31 PM,03:39 PM,06:05 PM,07:20 PM
2027-02-06,05:37 AM,06:52 AM,12:31 PM,03:40 PM,06:06 PM,07:21 PM
2027-02-07,05:37 AM,06:52 AM,12:31 PM,03:40 PM,06:06 PM,07:21 PM
2027-02-08,05:36 AM,06:51 AM,12:31 PM,03:41 PM,06:07 PM,07:22 PM
2027-02-09,05:36 AM,06:51 AM,12:31 PM,03:41 PM,06:08 PM,07:23 PM
2027-02-10,05:35 AM,06:50 AM,12:31 PM,03:42 PM,06:08 PM,07:23 PM
2027-02-11,05:35 AM,06:49 AM,12:31 PM,03:42 PM,06:09 PM,07:24 PM
2027-02-12,05:34 AM,06:49 AM,12:31 PM,03:43 PM,06:10 PM,07:24 PM
2027-02-13,05:34 AM,06:48 AM,12:31 PM,03:43 PM,06:10 PM,07:25 PM
2027-02-14,05:33 AM,06:47 AM,12:31 PM,03:44 PM,06:11 PM,07:25 PM
2027-02-15,05:32 AM,06:47 AM,12:31 PM,03:44 PM,06:11 PM,07:26 PM
2027-02-16,05:32 AM,06:46 AM,12:31 PM,03:44 PM,06:12 PM,07:26 PM
2027-02-17,05:31 AM,06:45 AM,12:31 PM,03:45 PM,06:13 PM,07:27 PM
2027-02-18,05:30 AM,06:45 AM,12:31 PM,03:45 PM,06:13 PM,07:27 PM
2027-02-19,05:30 AM,06:44 AM,12:31 PM,03:45 PM,06:14 PM,07:28 PM
2027-02-20,05:29 AM,06:43 AM,12:31 PM,03:46 PM,06:14 PM,07:29 PM
2027-02-21,05:28 AM,06:42 AM,12:31 PM,03:46 PM,06:15 PM,07:29 PM
2027-02-22,05:27 AM,06:41 AM,12:31 PM,03:46 PM,06:16 PM,07:30 PM
2027-02-23,05:27 AM,06:41 AM,12:30 PM,03:47 PM,06:16 PM,07:30 PM
2027-02-24,05:26 AM,06:40 AM,12:30 PM,03:47 PM,06:17 PM,07:31 PM
2027-02-25,05:25 AM,06:39 AM,12:30 PM,03:47 PM,06:17 PM,07:31 PM
2027-02-26,05:24 AM,06:38 AM,12:30 PM,03:47 PM,06:18 PM,07:32 PM
2027-02-27,05:23 AM,06:37 AM,12:30 PM,03:48 PM,06:18 PM,07:32 PM
2027-02-28,05:23 AM,06:36 AM,12:30 PM,03:48 PM,06:19 PM,07:33 PM
2027-03-01,05:22 AM,06:35 AM,12:29 PM,03:48 PM,06:19 PM,07:33 PM
2027-03-02,05:21 AM,06:34 AM,12:29 PM,03:48 PM,06:20 PM,07:34 PM
2027-03-03,05:20 AM,06:33 AM,12:29 PM,03:48 PM,06:21 PM,07:34 PM
2027-03-04,05:19 AM,06:33 AM,12:29 PM,03:48 PM,06:21 PM,07:35 PM
2027-03-05,05:18 AM,06:32 AM,12:29 PM,03:49 PM,06:22 PM,07:35 PM
2027-03-06,05:17 AM,06:31 AM,12:28 PM,03:49 PM,06:22 PM,07:35 PM
2027-03-07,05:16 AM,06:30 AM,12:28 PM,03:49 PM,06:23 PM,07:36 PM
2027-03-08,05:15 AM,06:29 AM,12:28 PM,03:49 PM,06:23 PM,07:36 PM
2027-03-09,05:14 AM,06:28 AM,12:28 PM,03:49 PM,06:24 PM,07:37 PM
2027-03-10,05:13 AM,06:27 AM,12:27 PM,03:49 PM,06:24 PM,07:37 PM
2027-03-11,05:12 AM,06:26 AM,12:27 PM,03:49 PM,06:24 PM,07:38 PM
2027-03-12,05:11 AM,06:25 AM,12:27 PM,03:49 PM,06:25 PM,07:38 PM
2027-03-13,05:10 AM,06:24 AM,12:27 PM,03:49 PM,06:25 PM,07:39 PM
2027-03-14,05:09 AM,06:23 AM,12:26 PM,03:49 PM,06:26 PM,07:39 PM
2027-03-15,05:08 AM,06:22 AM,12:26 PM,03:49 PM,06:26 PM,07:40 PM
2027-03-16,05:07 AM,06:21 AM,12:26 PM,03:49 PM,06:27 PM,07:40 PM
2027-03-17,05:06 AM,06:20 AM,12:26 PM,03:49 PM,06:27 PM,07:41 PM
2027-03-18,05:05 AM,06:19 AM,12:25 PM,03:49 PM,06:28 PM,07:41 PM
2027-03-19,05:04 AM,06:18 AM,12:25 PM,03:49 PM,06:28 PM,07:42 PM
2027-03-20,05:03 AM,06:17 AM,12:25 PM,03:49 PM,06:29 PM,07:42 PM
2027-03-21,05:02 AM,06:16 AM,12:24 PM,03:49 PM,06:29 PM,07:43 PM
2027-03-22,05:01 AM,06:15 AM,12:24 PM,03:49 PM,06:30 PM,07:43 PM
2027-03-23,05:00 AM,06:13 AM,12:24 PM,03:49 PM,06:30 PM,07:44 PM
2027-03-24,04:59 AM,06:12 AM,12:23 PM,03:49 PM,06:30 PM,07:44 PM
2027-03-25,04:58 AM,06:11 AM,12:23 PM,03:49 PM,06:31 PM,07:45 PM
2027-03-26,04:56 AM,06:10 AM,12:23 PM,03:49 PM,06:31 PM,07:45 PM
2027-03-27,04:55 AM,06:09 AM,12:23 PM,03:48 PM,06:32 PM,07:46 PM
2027-03-28,04:54 AM,06:08 AM,12:22 PM,03:48 PM,06:32 PM,07:46 PM
2027-03-29,04:53 AM,06:07 AM,12:22 PM,03:48 PM,06:33 PM,07:47 PM
2027-03-30,04:52 AM,06:06 AM,12:22 PM,03:48 PM,06:33 PM,07:47 PM
2027-03-31,04:51 AM,06:05 AM,12:21 PM,03:48 PM,06:33 PM,07:48 PM
2027-04-01,04:50 AM,06:04 AM,12:21 PM,03:48 PM,06:34 PM,07:48 PM
2027-04-02,04:49 AM,06:03 AM,12:21 PM,03:48 PM,06:34 PM,07:49 PM
2027-04-03,04:47 AM,06:02 AM,12:20 PM,03:47 PM,06:35 PM,07:50 PM
2027-04-04,04:46 AM,06:01 AM,12:20 PM,03:47 PM,06:35 PM,07:50 PM
2027-04-05,04:45 AM,06:00 AM,12:20 PM,03:47 PM,06:36 PM,07:51 PM
2027-04-06,04:44 AM,05:59 AM,12:20 PM,03:47 PM,06:36 PM,07:51 PM
2027-04-07,04:43 AM,05:58 AM,12:19 PM,03:47 PM,06:37 PM,07:52 PM
2027-04-08,04:42 AM,05:57 AM,12:19 PM,03:46 PM,06:37 PM,07:52 PM
2027-04-09,04:41 AM,05:56 AM,12:19 PM,03:46 PM,06:37 PM,07:53 PM
2027-04-10,04:40 AM,05:55 AM,12:19 PM,03:46 PM,06:38 PM,07:54 PM
2027-04-11,04:38 AM,05:54 AM,12:18 PM,03:46 PM,06:38 PM,07:54 PM
2027-04-12,04:37 AM,05:53 AM,12:18 PM,03:45 PM,06:39 PM,07:55 PM
2027-04-13,04:36 AM,05:52 AM,12:18 PM,03:45 PM,06:39 PM,07:55 PM
2027-04-14,04:35 AM,05:51 AM,12:17 PM,03:45 PM,06:40 PM,07:56 PM
2027-04-15,04:34 AM,05:50 AM,12:17 PM,03:45 PM,06:40 PM,07:57 PM
2027-04-16,04:33 AM,05:49 AM,12:17 PM,03:45 PM,06:41 PM,07:57 PM
2027-04-17,04:32 AM,05:48 AM,12:17 PM,03:44 PM,06:41 PM,07:58 PM
2027-04-18,04:31 AM,05:47 AM,12:17 PM,03:44 PM,06:42 PM,07:58 PM
2027-04-19,04:30 AM,05:46 AM,12:16 PM,03:44 PM,06:42 PM,07:59 PM
2027-04-20,04:29 AM,05:46 AM,12:16 PM,03:44 PM,06:42 PM,08:00 PM
2027-04-21,04:27 AM,05:45 AM,12:16 PM,03:43 PM,06:43 PM,08:00 PM
2027-04-22,04:26 AM,05:44 AM,12:16 PM,03:43 PM,06:43 PM,08:01 PM
2027-04-23,04:25 AM,05:43 AM,12:16 PM,03:43 PM,06:44 PM,08:02 PM
2027-04-24,04:24 AM,05:42 AM,12:15 PM,03:43 PM,06:44 PM,08:02 PM
2027-04-25,04:23 AM,05:41 AM,12:15 PM,03:42 PM,06:45 PM,08:03 PM
2027-04-26,04:22 AM,05:40 AM,12:15 PM,03:42 PM,06:45 PM,08:04 PM
2027-04-27,04:21 AM,05:40 AM,12:15 PM,03:42 PM,06:46 PM,08:04 PM
2027-04-28,04:20 AM,05:39 AM,12:15 PM,03:42 PM,06:46 PM,08:05 PM
2027-04-29,04:19 AM,05:38 AM,12:15 PM,03:41 PM,06:47 PM,08:06 PM
2027-04-30,04:18 AM,05:37 AM,12:14 PM,03:41 PM,06:47 PM,08:06 PM
2027-05-01,04:17 AM,05:36 AM,12:14 PM,03:41 PM,06:48 PM,08:07 PM
2027-05-02,04:16 AM,05:36 AM,12:14 PM,03:41 PM,06:48 PM,08:08 PM
2027-05-03,04:15 AM,05:35 AM,12:14 PM,03:40 PM,06:49 PM,08:09 PM
2027-05-04,04:15 AM,05:34 AM,12:14 PM,03:40 PM,06:49 PM,08:09 PM
2027-05-05,04:14 AM,05:34 AM,12:14 PM,03:40 PM,06:50 PM,08:10 PM
2027-05-06,04:13 AM,05:33 AM,12:14 PM,03:40 PM,06:50 PM,08:11 PM
2027-05-07,04:12 AM,05:32 AM,12:14 PM,03:40 PM,06:51 PM,08:11 PM
2027-05-08,04:11 AM,05:32 AM,12:14 PM,03:39 PM,06:51 PM,08:12 PM
2027-05-09,04:10 AM,05:31 AM,12:14 PM,03:39 PM,06:52 PM,08:13 PM
2027-05-10,04:09 AM,05:30 AM,12:14 PM,03:39 PM,06:53 PM,08:14 PM
2027-05-11,04:09 AM,05:30 AM,12:14 PM,03:39 PM,06:53 PM,08:14 PM
2027-05-12,04:08 AM,05:29 AM,12:13 PM,03:39 PM,06:54 PM,08:15 PM
2027-05-13,04:07 AM,05:29 AM,12:13 PM,03:38 PM,06:54 PM,08:16 PM
2027-05-14,04:06 AM,05:28 AM,12:13 PM,03:38 PM,06:55 PM,08:17 PM
2027-05-15,04:06 AM,05:28 AM,12:13 PM,03:38 PM,06:55 PM,08:17 PM
2027-05-16,04:05 AM,05:27 AM,12:13 PM,03:38 PM,06:56 PM,08:18 PM
2027-05-17,04:04 AM,05:27 AM,12:14 PM,03:38 PM,06:56 PM,08:19 PM
2027-05-18,04:04 AM,05:26 AM,12:14 PM,03:38 PM,06:57 PM,08:19 PM
2027-05-19,04:03 AM,05:26 AM,12:14 PM,03:38 PM,06:57 PM,08:20 PM
2027-05-20,04:02 AM,05:25 AM,12:14 PM,03:37 PM,06:58 PM,08:21 PM
2027-05-21,04:02 AM,05:25 AM,12:14 PM,03:37 PM,06:58 PM,08:22 PM
2027-05-22,04:01 AM,05:24 AM,12:14 PM,03:37 PM,06:59 PM,08:22 PM
2027-05-23,04:01 AM,05:24 AM,12:14 PM,03:37 PM,06:59 PM,08:23 PM
2027-05-24,04:00 AM,05:24 AM,12:14 PM,03:37 PM,07:00 PM,08:24 PM
2027-05-25,04:00 AM,05:23 AM,12:14 PM,03:37 PM,07:00 PM,08:24 PM
2027-05-26,03:59 AM,05:23 AM,12:14 PM,03:37 PM,07:01 PM,08:25 PM
2027-05-27,03:59 AM,05:23 AM,12:14 PM,03:37 PM,07:01 PM,08:26 PM
2027-05-28,03:58 AM,05:23 AM,12:14 PM,03:37 PM,07:02 PM,08:26 PM
2027-05-29,03:58 AM,05:22 AM,12:14 PM,03:37 PM,07:02 PM,08:27 PM
2027-05-30,03:57 AM,05:22 AM,12:15 PM,03:37 PM,07:03 PM,08:28 PM
2027-05-31,03:57 AM,05:22 AM,12:15 PM,03:37 PM,07:03 PM,08:28 PM
2027-06-01,03:57 AM,05:22 AM,12:15 PM,03:37 PM,07:04 PM,08:29 PM
2027-06-02,03:56 AM,05:22 AM,12:15 PM,03:37 PM,07:04 PM,08:29 PM
2027-06-03,03:56 AM,05:21 AM,12:15 PM,03:37 PM,07:05 PM,08:30 PM
2027-06-04,03:56 AM,05:21 AM,12:15 PM,03:37 PM,07:05 PM,08:31 PM
2027-06-05,03:56 AM,05:21 AM,12:16 PM,03:37 PM,07:05 PM,08:31 PM
